age,sex,cp,trestbps,chol,thalach,exang,target
48,0,2,138.0,218.0,166.0,0,0
39,0,2,133.0,262.0,132.0,0,1
70,0,2,147.0,188.0,128.0,1,1
49,0,3,133.0,289.0,122.0,0,1
51,0,1,158.0,286.0,120.0,1,0
67,1,0,122.0,314.0,165.0,0,1
42,1,3,150.0,232.0,179.0,0,1
42,1,3,131.0,254.0,154.0,0,1
66,1,2,129.0,164.0,166.0,1,1
68,1,0,135.0,273.0,137.0,0,1
76,1,2,107.0,247.0,148.0,0,0
34,0,0,145.0,242.0,146.0,0,0
60,0,2,114.0,207.0,192.0,0,0
49,1,3,125.0,225.0,159.0,0,0
72,1,2,127.0,208.0,150.0,0,1
69,1,0,150.0,267.0,154.0,0,1
50,1,1,139.0,221.0,116.0,1,1
38,1,1,158.0,273.0,154.0,0,1
55,1,3,157.0,274.0,132.0,1,0
43,0,0,113.0,264.0,188.0,0,0
29,1,3,120.0,244.0,133.0,0,1
45,0,2,112.0,174.0,143.0,1,0
62,1,1,141.0,188.0,156.0,1,1
39,1,1,106.0,269.0,187.0,1,1
64,1,2,102.0,186.0,165.0,0,1
73,0,1,100.0,210.0,127.0,0,0
51,0,2,130.0,269.0,186.0,0,0
55,1,2,126.0,160.0,178.0,1,0
73,1,0,141.0,258.0,124.0,0,1
69,1,1,126.0,219.0,130.0,0,0
41,1,3,120.0,238.0,145.0,0,0
54,1,3,138.0,223.0,147.0,1,1
71,1,2,129.0,216.0,106.0,1,1
40,1,0,120.0,230.0,150.0,0,0
30,1,0,154.0,268.0,177.0,0,1
41,1,3,108.0,123.0,109.0,1,1
66,0,3,136.0,172.0,137.0,0,1
74,1,2,137.0,245.0,179.0,1,0
63,1,2,144.0,232.0,158.0,1,1
39,1,2,136.0,246.0,161.0,1,1
41,1,3,125.0,195.0,179.0,0,1
29,1,1,158.0,196.0,133.0,0,0
31,1,3,118.0,295.0,140.0,0,1
59,1,0,124.0,241.0,158.0,1,0
34,1,1,131.0,146.0,138.0,1,1
45,1,0,130.0,220.0,145.0,0,0
72,0,1,135.0,155.0,105.0,0,0
51,0,1,139.0,267.0,164.0,0,0
41,0,0,145.0,259.0,132.0,1,1
35,1,2,133.0,216.0,152.0,1,1
62,1,2,135.0,217.0,167.0,0,1
52,0,0,113.0,279.0,158.0,0,0
36,0,2,140.0,244.0,160.0,1,1
36,1,0,139.0,196.0,124.0,0,1
46,0,3,141.0,292.0,125.0,0,1
59,0,2,126.0,241.0,151.0,0,1
73,0,3,96.0,244.0,161.0,0,0
29,1,3,174.0,183.0,141.0,0,0
39,1,1,135.0,250.0,140.0,0,0
57,0,3,140.0,167.0,139.0,0,0
43,0,2,90.0,288.0,143.0,1,1
56,1,1,153.0,278.0,116.0,1,0
73,1,3,120.0,134.0,126.0,1,1
57,1,1,127.0,244.0,165.0,1,0
68,0,0,115.0,270.0,130.0,1,1
61,0,2,142.0,218.0,145.0,0,1
41,1,1,118.0,260.0,113.0,0,1
46,1,3,154.0,292.0,159.0,0,1
30,0,1,143.0,215.0,183.0,1,0
63,1,2,151.0,177.0,145.0,0,1
41,1,1,95.0,246.0,124.0,0,0
67,1,0,141.0,235.0,151.0,0,0
56,0,0,113.0,311.0,146.0,1,0
71,1,2,90.0,102.0,176.0,1,1
60,1,3,143.0,210.0,166.0,0,1
56,1,2,139.0,210.0,164.0,1,1
43,0,0,128.0,244.0,150.0,1,0
74,1,1,127.0,173.0,188.0,1,1
31,1,2,113.0,223.0,126.0,0,1
68,1,3,144.0,254.0,114.0,0,1
63,1,3,144.0,188.0,160.0,0,1
56,0,1,140.0,202.0,134.0,1,0
74,1,3,131.0,159.0,172.0,0,0
30,1,1,129.0,141.0,99.0,0,0
63,0,3,150.0,196.0,101.0,0,1
64,0,3,109.0,195.0,174.0,1,0
66,1,3,119.0,240.0,187.0,1,1
45,0,2,121.0,249.0,152.0,0,0
75,1,3,130.0,246.0,170.0,0,1
65,1,2,132.0,341.0,157.0,1,1
63,1,0,98.0,249.0,139.0,0,0
51,0,0,133.0,253.0,156.0,1,0
67,0,3,126.0,182.0,152.0,0,1
30,0,3,120.0,236.0,111.0,0,0
65,1,1,128.0,250.0,131.0,1,0
30,1,3,128.0,178.0,154.0,1,1
30,1,2,114.0,159.0,159.0,0,0
35,0,3,107.0,230.0,172.0,0,1
36,1,3,158.0,235.0,157.0,1,1
32,0,1,148.0,215.0,142.0,0,0
69,1,1,152.0,235.0,143.0,0,0
29,1,3,103.0,211.0,155.0,1,0
45,1,1,147.0,198.0,164.0,1,0
50,1,2,115.0,219.0,167.0,0,1
57,1,1,139.0,277.0,146.0,1,0
51,1,1,138.0,221.0,134.0,1,1
35,1,3,137.0,240.0,179.0,0,1
44,0,1,142.0,265.0,129.0,0,0
71,1,3,138.0,243.0,180.0,1,1
39,0,2,103.0,194.0,165.0,0,0
35,1,2,140.0,164.0,200.0,0,0
31,1,2,140.0,225.0,138.0,0,1
50,0,0,125.0,218.0,127.0,0,0
68,1,1,113.0,122.0,140.0,1,0
70,0,0,132.0,211.0,119.0,1,1
55,1,1,108.0,261.0,160.0,0,0
70,1,1,129.0,230.0,165.0,0,0
71,1,0,139.0,206.0,129.0,0,0
55,1,2,142.0,234.0,153.0,0,1
66,1,0,150.0,253.0,133.0,1,1
63,0,2,123.0,265.0,127.0,0,1
48,0,1,141.0,224.0,125.0,0,0
67,1,3,117.0,136.0,183.0,1,1
32,1,1,156.0,302.0,164.0,0,0
76,0,3,141.0,215.0,133.0,0,1
43,1,0,113.0,212.0,166.0,0,0
38,1,3,111.0,239.0,153.0,1,0
74,1,3,107.0,247.0,122.0,1,1
55,1,3,119.0,239.0,164.0,0,0
69,0,0,136.0,229.0,185.0,1,1
37,1,3,132.0,318.0,140.0,0,1
51,1,0,141.0,249.0,173.0,0,0
36,1,0,153.0,164.0,126.0,0,0
40,1,2,163.0,169.0,138.0,0,1
68,0,2,138.0,145.0,187.0,1,1
56,0,2,142.0,250.0,174.0,1,0
47,1,1,110.0,253.0,157.0,0,0
66,1,0,90.0,156.0,131.0,0,0
70,0,3,137.0,253.0,180.0,1,0
53,1,2,111.0,212.0,166.0,1,1
61,1,1,123.0,255.0,154.0,1,1
50,0,1,137.0,251.0,170.0,0,1
72,1,0,147.0,234.0,146.0,1,0
46,1,2,100.0,260.0,156.0,0,1
38,1,2,160.0,287.0,151.0,1,1
40,1,3,131.0,214.0,127.0,0,1
68,0,3,123.0,264.0,140.0,0,1
44,1,3,149.0,236.0,154.0,0,1
46,0,1,147.0,230.0,154.0,0,0
50,1,2,131.0,162.0,181.0,1,1
57,1,3,139.0,189.0,153.0,0,1
33,1,2,114.0,209.0,149.0,0,0
36,1,2,128.0,173.0,145.0,1,1
73,1,3,130.0,171.0,128.0,1,1
41,1,2,146.0,123.0,148.0,0,0
71,1,0,122.0,212.0,170.0,0,0
66,1,0,123.0,184.0,114.0,0,1
37,1,0,90.0,210.0,149.0,0,1
43,1,3,156.0,267.0,169.0,0,1
39,0,0,110.0,187.0,191.0,0,0
53,1,0,123.0,149.0,184.0,0,0
48,1,3,139.0,172.0,152.0,0,1
59,1,2,129.0,256.0,136.0,0,1
54,1,0,162.0,209.0,143.0,1,1
62,1,2,156.0,224.0,139.0,0,1
39,1,1,90.0,123.0,157.0,0,0
72,1,0,130.0,207.0,149.0,0,0
48,1,0,127.0,299.0,113.0,0,0
45,1,0,104.0,247.0,139.0,0,0
63,1,1,116.0,255.0,135.0,0,0
68,1,1,120.0,193.0,156.0,1,0
58,0,0,137.0,282.0,135.0,0,1
66,0,1,147.0,290.0,152.0,1,0
68,1,0,137.0,143.0,142.0,1,1
69,0,2,141.0,216.0,139.0,0,0
60,1,3,163.0,293.0,164.0,0,0
72,1,1,113.0,276.0,146.0,0,0
53,1,2,124.0,160.0,129.0,0,1
35,1,2,130.0,180.0,125.0,1,1
68,0,1,131.0,206.0,136.0,0,0
40,0,3,139.0,255.0,129.0,1,1
63,0,2,137.0,261.0,160.0,0,1
54,0,2,156.0,136.0,156.0,0,1
51,1,1,114.0,204.0,139.0,0,0
32,1,2,139.0,255.0,161.0,0,0
29,0,0,147.0,204.0,170.0,0,0
56,0,1,116.0,301.0,173.0,0,0
69,1,3,150.0,193.0,185.0,0,1
74,1,1,116.0,169.0,129.0,1,0
52,1,0,125.0,219.0,175.0,0,0
40,1,1,119.0,277.0,143.0,0,0
61,1,3,140.0,138.0,180.0,0,0
76,0,1,156.0,185.0,165.0,0,0
46,1,1,119.0,178.0,150.0,0,1
57,1,1,161.0,229.0,127.0,0,0
51,1,1,115.0,283.0,127.0,0,1
67,1,2,126.0,208.0,140.0,0,1
41,1,2,145.0,246.0,155.0,0,0
42,0,3,134.0,201.0,122.0,0,1
50,0,1,147.0,277.0,126.0,0,0
62,1,0,94.0,251.0,125.0,1,0
66,1,1,133.0,247.0,128.0,1,1
47,1,0,109.0,257.0,140.0,0,1
57,0,3,146.0,186.0,164.0,0,1
74,1,2,109.0,200.0,151.0,1,1
30,0,1,138.0,206.0,131.0,0,0
45,0,2,117.0,111.0,92.0,0,1
44,1,0,153.0,214.0,119.0,0,1
76,0,1,109.0,290.0,180.0,0,0
37,1,2,114.0,210.0,196.0,0,1
37,0,1,124.0,217.0,140.0,0,0
67,0,0,133.0,255.0,190.0,0,0
38,1,2,114.0,270.0,167.0,1,1
74,0,0,109.0,286.0,153.0,0,0
71,0,3,134.0,273.0,184.0,0,0
41,1,1,130.0,246.0,169.0,0,0
60,1,0,114.0,300.0,156.0,0,1
43,1,3,132.0,250.0,135.0,0,1
50,1,3,142.0,246.0,126.0,0,1
72,1,3,111.0,192.0,166.0,0,1
65,0,1,106.0,175.0,125.0,1,0
66,1,2,137.0,225.0,156.0,0,0
65,1,1,135.0,225.0,172.0,0,0
55,0,3,139.0,233.0,137.0,1,1
36,1,3,126.0,241.0,139.0,0,1
43,1,2,130.0,257.0,140.0,0,1
65,1,1,142.0,197.0,143.0,1,1
47,1,2,116.0,239.0,130.0,1,1
66,1,2,140.0,201.0,192.0,1,1
37,1,3,131.0,200.0,153.0,1,1
64,1,1,135.0,231.0,147.0,0,0
75,0,1,124.0,234.0,190.0,0,0
36,1,0,166.0,291.0,129.0,0,0
42,0,3,126.0,183.0,156.0,0,0
71,0,3,132.0,266.0,151.0,0,0
56,0,3,130.0,260.0,139.0,1,1
73,1,3,124.0,200.0,151.0,0,1
57,1,2,121.0,153.0,168.0,1,0
38,0,2,132.0,244.0,127.0,0,0
50,0,3,102.0,289.0,154.0,0,1
73,1,3,147.0,191.0,154.0,0,1
53,0,2,164.0,177.0,152.0,1,1
60,0,0,160.0,228.0,147.0,0,0
52,0,0,143.0,221.0,151.0,0,0
47,0,0,148.0,234.0,145.0,0,0
65,0,1,159.0,217.0,128.0,0,0
49,1,0,166.0,178.0,153.0,0,1
68,1,0,140.0,161.0,186.0,0,0
45,1,2,134.0,234.0,125.0,0,0
72,1,0,99.0,247.0,184.0,0,0
61,0,2,129.0,253.0,171.0,1,1
73,1,1,126.0,248.0,161.0,1,0
69,1,0,145.0,255.0,96.0,0,1
66,0,1,99.0,251.0,155.0,0,0
31,1,3,162.0,149.0,178.0,0,0
46,0,2,115.0,131.0,136.0,1,1
60,0,0,163.0,232.0,165.0,0,0
35,0,2,137.0,184.0,152.0,0,0
45,1,2,119.0,292.0,153.0,1,1
74,1,2,136.0,233.0,188.0,0,1
41,1,0,137.0,199.0,145.0,0,0
46,1,1,115.0,288.0,171.0,0,0
74,0,0,147.0,255.0,163.0,1,0
39,1,3,111.0,179.0,138.0,1,1
60,0,3,137.0,276.0,164.0,0,1
71,1,3,126.0,236.0,179.0,0,1
45,1,3,156.0,249.0,150.0,0,1
47,0,3,122.0,274.0,130.0,1,1
56,1,3,128.0,234.0,184.0,0,0
45,1,2,129.0,220.0,151.0,0,0
72,1,3,136.0,197.0,135.0,1,1
50,1,1,131.0,249.0,175.0,0,1
49,1,3,118.0,218.0,107.0,1,1
64,0,3,123.0,149.0,141.0,0,0
57,1,1,130.0,222.0,99.0,1,0
55,1,1,125.0,191.0,168.0,1,1
35,0,0,155.0,275.0,155.0,1,0
39,1,3,109.0,286.0,134.0,0,1
40,1,1,158.0,228.0,145.0,0,0
48,1,2,119.0,262.0,130.0,0,1
36,1,3,147.0,196.0,171.0,1,1
60,1,1,129.0,269.0,165.0,1,1
70,1,0,163.0,194.0,147.0,1,1
39,1,1,151.0,253.0,163.0,0,0
70,1,1,100.0,139.0,194.0,1,0
34,0,0,120.0,182.0,137.0,0,0
66,0,3,152.0,227.0,156.0,0,1
55,1,3,134.0,231.0,179.0,0,1
31,1,2,128.0,250.0,144.0,1,1
70,1,1,132.0,184.0,137.0,0,0
68,1,1,133.0,179.0,121.0,0,0
71,0,1,134.0,270.0,155.0,0,0
55,1,2,136.0,235.0,155.0,0,0
50,1,3,125.0,223.0,146.0,1,1
35,1,2,128.0,242.0,180.0,0,0
38,0,2,141.0,240.0,156.0,1,1
30,0,1,102.0,229.0,154.0,0,0
48,0,3,100.0,194.0,149.0,1,1
51,1,0,109.0,219.0,144.0,0,0
50,0,0,126.0,259.0,159.0,1,1
